User_ID,Total_Number_Of_Posts,Total_Post_Score,Total_Number_Of_Comments_Made,Total_Comment_Score
fluffypuffyz,25,308,100,262
alilrecalcitrant,2,2,100,762
savingsav,16,770,74,178
DhirajKamble,10,91,3,4
thelittlegnome,100,97828,100,449
BeyondTheGazebo,9,261,92,708
Steveo3k1222,2,11,100,281
AccFire99,7,18,13,12
ifflejink,100,1626,100,387
AuxilliaryCable,33,904,100,360
jakegiratin,5,8,12,12
NowUsernameIsMyName,25,2228,100,222
brina96,18,2132,83,201
btaylor9,44,1795,100,798
Nellie1889,2,9,0,0
lukemh666,8,38,95,125
bostonflyfish,1,2,0,0
InsanelyAppropriate,13,51,62,545
rl123456,25,315,100,324
Twatz_McKenzey,11,96,85,410
bestbout,4,4,4,4
02012017,82,1128,100,478
milhouse21386,100,18608,100,1953
imdanwyatt,13,3018,100,527
dumb_first_name,1,0,9,10
ripcity32,8,56,11,15
Inthaihospital,4,16,13,22
sandals456,56,3584,100,346
iamkwang,84,565,100,220
shaggypeach,32,99,100,368
michaelbrules,12,32,51,576
Myardraug,13,1034,85,179
Zaxon3,100,4878,100,366
melalovelady,14,72,100,7621
toothjones,38,69,10,14
jtidesmith13,6,22,100,2184
jaynepierce,11,43,50,443
jclinares,100,2438,100,444
articulady,6,42,37,227
Creative-Trojan-,4,99,3,4
cookiepukie,23,185,100,229
john-bkk,100,2768,100,224
TransangelicExodus,6,37,45,152
jsszi101,2,134,1,4
StarmieUsePsychic,86,3192,100,434
neutraditionalist,5,10,8,13
nagemnol,1,2,2,3
CHowie1072,1,0,5,8
WestSlice,12,36,11,14
Zarski843,100,25288,100,344
oboer-331,2,8,16,55
CookWanLyrnYhrd,1,0,6,60
tesla33,26,154,100,381
I_Fet_Fet_Yaps,100,1212,100,899
TheLoosestJuice,4,10,47,217
